ID,FIRST_NAME,LAST_NAME,EMAIL,GENDER,DEPARTMENT
990,Yanaton,Tumioto,ytumiotol@ehow.com,Male,Training
962,Lara,Minichillo,lminichillom@photobucket.com,Female,Accounting
976,Reine,Haldon,rhaldonn@bbc.co.uk,Female,Services
961,Lyman,Marcq,lmarcqp@merriam-webster.com,Male,Engineering
221,Findlay,Danett,fdanettr@ibm.com,Male,Human Resources
675,Muhammad,Rimbault,mrimbaults@feedburner.com,Male,Research and Development
692,Mindy,Ruggen,mruggent@unc.edu,Female,Marketing
669,Isidoro,Reedie,ireedieu@so-net.ne.jp,Male,Business Development
783,Niels,Strase,nstrasev@utexas.edu,Male,Legal
120,Jock,Bucktharp,jbucktharpw@stanford.edu,Male,Research and Development
734,Leanora,Sigert,lsigertx@so-net.ne.jp,Female,Sales
9000,Kalindi,Alebrooke,kalebrookeny@biglobe.ne.jp,Female,Product Management
121,Kalindi,Alebrooke,kalebrookeny@biglobe.ne.jp,Female,Product Management
256,Kalindi,Alebrooke,kalebrookeny@biglobe.ne.jp,Female,Product Management
1,Kalindi,Alebrooke,kalebrookeny@biglobe.ne.jp,Female,Product Management
990,Yanaton,Tumioto,ytumiotol@ehow.com,Male,Training
962,Lara,Minichillo,lminichillom@photobucket.com,Female,Accounting
976,Reine,Haldon,rhaldonn@bbc.co.uk,Female,Services
961,Lyman,Marcq,lmarcqp@merriam-webster.com,Male,Engineering
221,Findlay,Danett,fdanettr@ibm.com,Male,Human Resources
