ID,FIRST_NAME,LAST_NAME,EMAIL,GENDER,DEPARTMENT,COUNT
427,Regine,Aberkirder,raberkirderbr@shop-pro.jp,Female,Marketing,
989,Jessa,Acome,jacomerg@ustream.tv,Female,Business Development,
318,Marci,Acres,macres8t@paypal.com,Female,Marketing,
996,Olympe,Acutt,oacuttrn@flickr.com,Female,Support,
516,Baxy,Adamides,badamideseb@google.pl,Male,Research and Development,
743,Melba,Addey,maddeykm@vimeo.com,Female,Accounting,
207,Willie,Addionisio,waddionisio5q@hhs.gov,Male,Human Resources,
764,Noby,Agutter,nagutterl7@ow.ly,Male,Accounting,
950,Avery,Ahlin,aahlinqd@ihg.com,Male,Research and Development,
434,Richart,Akid,rakidc1@ow.ly,Male,Engineering,
9000,Kalindi,Alebrooke,kalebrookeny@biglobe.ne.jp,Female,Product Management,
